female_angry,female_calm,female_fearful,female_happy,female_sad,male_angry,male_calm,male_fearful,male_happy,male_sad
0.14047922,0.0015463701,0.27277726,0.17200238,0.051107757,0.0072839446,0.009455576,0.17897028,0.0072768037,0.15910038
