female_angry,female_calm,female_fearful,female_happy,female_sad,male_angry,male_calm,male_fearful,male_happy,male_sad
0.01744088,0.0002541544,0.006862618,0.004110732,0.00080678187,0.62495816,0.020799011,0.25340134,0.045985226,0.025381109
