female_angry,female_calm,female_fearful,female_happy,female_sad,male_angry,male_calm,male_fearful,male_happy,male_sad
0.032041643,8.661021e-07,0.005873915,0.0016101528,7.782466e-05,0.9255757,9.4876465e-05,0.030356387,0.0021701995,0.002198399
