female_angry,female_calm,female_fearful,female_happy,female_sad,male_angry,male_calm,male_fearful,male_happy,male_sad
0.08114995,0.04097265,0.40329745,0.23907273,0.20264646,0.00018673304,0.0027062478,0.008796269,0.003260979,0.017910486
